date,train_slope,test_slope,slope_deviation_percent,r2,flag_misaligned
2022-07-07,0.416475290921879,0.4666709894045486,12.052503372183276,0.3871758964587415,True
2022-07-08,-0.07659134911071508,-0.024196782895405805,68.40794270325668,-0.03429294305941499,True
2022-07-09,-0.0777767743955709,-0.09932370476527398,27.703553582867663,-0.005685545003899728,True
2022-07-10,-0.18324673996725194,-0.14783529803926448,19.32445943339338,0.005448465060129304,True
2022-07-11,0.5555239741307184,0.796041956620258,43.29569805981841,0.2462648129969417,True
2022-07-12,1.2495779710381227,1.2193926560508195,2.415640775279188,0.9931112735296167,False
2022-07-13,1.219652418809878,1.2190210979081932,0.051762362124519366,0.9964799652605909,False
2022-07-14,1.2654141782656387,1.2823022337422088,1.334587186285251,0.9972633964224248,False
2022-07-15,1.1974982917794372,1.1919472869299028,0.46355012676350704,0.9904596309934149,False
2022-07-16,1.203714121628843,1.2064011790649338,0.22323053188532865,0.990510513489915,False
2022-07-17,1.1788491483929469,1.2004776288975392,1.8347114670335136,0.9957897375374049,False
2022-07-18,1.286966858993958,1.2924761147359292,0.4280806225482615,0.999464891133218,False
2022-07-19,1.175707538735546,1.1904088548116878,1.2504228808426967,0.9952592546520985,False
2022-07-20,1.2125740213210674,1.1994505739112888,1.0822801065357566,0.9920107365734224,False
2022-07-21,1.2071271757763442,1.196543927388846,0.8767301904782063,0.9985360751080623,False
2022-07-22,1.217986587498673,1.1988997445212395,1.5670815404159255,0.9974026778175767,False
2022-07-23,1.200414957481663,1.219667586394202,1.603831141268754,0.9959209069493531,False
2022-07-24,1.2149657303122436,1.2145190884086547,0.036761687383076204,0.9990358059574651,False
2022-07-25,1.1825048953682695,1.1704140748148908,1.0224753065071472,0.9943433928698794,False
2022-07-26,1.2152154873411145,1.2064753097660696,0.7192286196227079,0.995619878066512,False
2022-07-27,1.1458154986790103,1.1692799778106573,2.047840962065771,0.9776689213646853,False
2022-07-28,1.2200648508184864,1.1863695612711078,2.7617621739347626,0.9587546252268001,False
2022-07-29,1.224942464416823,1.216762238614696,0.6678049002098687,0.9933701046784279,False
2022-07-30,1.1998315244695175,1.1744154337763502,2.1183049598904766,0.9912905943398583,False
2022-07-31,1.1793776002209955,1.171878959261983,0.6358134118883908,0.9901910948426805,False
2022-08-01,1.171339681972911,1.1530589848090582,1.5606657441214813,0.986900709382638,False
2022-08-02,1.3109727068900765,1.3001694986117436,0.8240605026751908,0.9974592962209454,False
2022-08-03,1.34852386859007,1.338658911081757,0.7315374787268037,0.9994233256348193,False
2022-08-04,1.3757630332640394,1.3719067190901626,0.28030366281375885,0.9993727790405162,False
2022-08-05,1.328062298664334,1.3229911063820687,0.3818489755612742,0.9988046646412267,False
2022-08-06,1.173605681223215,1.1941056054740777,1.7467471893537792,0.9933216376987161,False
2022-08-07,1.2284121613706918,1.2472973185127942,1.5373632511933106,0.9962276971945496,False
2022-08-08,1.229435043708946,1.2181942443483749,0.9143060805115892,0.9939126255842935,False
2022-08-09,1.1795253699040298,1.162158221535223,1.4723844702229472,0.9954867504359121,False
2022-08-10,1.278401807162515,1.332233117784731,4.210828733236678,0.9970715839444215,False
2022-08-11,1.1922038278904616,1.2014606280277642,0.7764444234071921,0.9951532908910034,False
2022-08-12,1.1714015024794842,1.1911216850910993,1.6834691239403203,0.9938293757138644,False
2022-08-13,1.1786562807839394,1.1501022785434423,2.422589410163365,0.988164837985735,False
2022-08-14,1.2014278297667431,1.202030862195485,0.05019297986953588,0.9970282923377841,False
2022-08-15,1.2017707182809978,1.2046509986045686,0.23966970402563323,0.9988679424246718,False
2022-08-16,1.1853162601948084,1.1642703199942601,1.775554837751855,0.9974412711127507,False
2022-08-17,1.1887016693734096,1.1822949960271927,0.5389639395050243,0.9991871989933502,False
2022-08-18,1.1856657050460726,1.1677556751410119,1.5105463393971401,0.9947599414390609,False
2022-08-19,1.5113028671097206,1.4918052954188372,1.290116767142206,0.948480984757168,False
2022-08-20,1.2387356142065846,1.233983151520547,0.38365431909225806,0.9986168509466359,False
2022-08-21,1.1885284266992737,1.1936398725154016,0.4300650873217354,0.9986217387541192,False
2022-08-22,1.106232449808293,1.1311134238827503,2.249163281981932,0.9855166405105922,False
2022-08-23,1.200712029315004,1.1639459951797493,3.0620193050143265,0.9940766486602669,False
2022-08-24,1.3022498913979743,1.306219661170497,0.30483932452174356,0.9993937065885815,False
2022-08-25,1.1610150672662671,1.1737536468707943,1.0971933064160408,0.9945274931998911,False
2022-08-26,1.1534126111887013,1.1537310299155057,0.02760666250009359,0.9959661681378755,False
2022-08-27,1.2011190201665292,1.1973012365695699,0.3178522305333207,0.9965418303208433,False
2022-08-28,1.1695842041985782,1.115729356571065,4.604614822445856,0.9734751849707254,False
2022-08-29,1.1379550677633024,1.1992111448416134,5.382996114135894,0.9800766799403784,False
2022-08-30,1.1552954298554485,1.1654051181728386,0.8750738604285012,0.9766343326198568,False
2022-08-31,1.1616580557600413,1.1470833850329005,1.2546437959839218,0.9927622295990804,False
2022-09-01,1.2809569794958098,1.2592742442749316,1.6926981598876627,0.9963256168711901,False
2022-09-02,1.0651144142554037,0.9696541748579316,8.962439914420466,0.9280744884201659,False
2022-09-03,1.1304398272094576,1.0938152798265905,3.2398493490163376,0.9728649061686596,False
2022-09-04,1.1700352431142242,1.1509395116778154,1.6320646364106697,0.9946077249134484,False
2022-09-05,1.166368248931915,1.193633306140646,2.337602831155492,0.982322948003722,False
2022-09-11,1.2942106234322068,1.2869099021930923,0.5641061127865901,0.999219739343596,False
2022-09-12,1.1993768950768786,1.2255074259488812,2.1786755255384196,0.9987116189132211,False
2022-09-13,1.1776052702139204,1.1800881073269838,0.21083780583050402,0.9933758494084128,False
2022-09-14,1.1754188064962812,1.16348412903422,1.0153553266376962,0.9960758973851673,False
2022-09-15,1.1735308962243824,1.1766858269787517,0.2688408770931926,0.9971562197510823,False
2022-09-16,1.1456004095134578,1.1238422552035692,1.8992795506357567,0.987775709710177,False
2022-09-17,1.148916195660078,1.1439549449647874,0.43182006781966986,0.9935943542653745,False
2022-09-18,1.1596433765209284,1.1295988284095007,2.5908437645343234,0.9866019549540785,False
2022-09-19,1.1931078051592763,1.1858566958760044,0.6077497148133971,0.9981631419863235,False
2022-09-20,1.2078256689431606,1.2137288514375286,0.48874458012912564,0.9971962808060308,False
2022-09-21,1.1652340261524265,1.1539063570481856,0.9721368283111906,0.9960350331178741,False
2022-09-22,1.1669907066739167,1.1619339008430258,0.43332014573650224,0.995212215161966,False
2022-09-23,1.183246611285966,1.1751487935485292,0.684372780804848,0.9975110797923601,False
2022-09-24,1.1724511210113575,1.1551821055771743,1.4728985391976916,0.9958951872182673,False
2022-09-25,1.1648155949307,1.1584057624158048,0.5502873195371736,0.9981703937597626,False
2022-09-26,1.2357953873428098,1.190894655772182,3.6333467522623413,0.9901511439882856,False
2022-09-27,1.184035151804785,1.172850634258109,0.9446102617500532,0.996817598581321,False
2022-09-28,1.1970333752294064,1.1845516658891833,1.0427202447743884,0.9977372074880976,False
2022-09-29,1.2014479605546617,1.1971250225596077,0.3598106732028808,0.9988217908218582,False
2022-09-30,1.2359112800015564,1.2351563217016117,0.061085153292208955,0.9989865320856732,False
2022-10-01,1.278803721374925,1.2719779573213132,0.5337616664325133,0.9984908191096737,False
2022-10-02,1.1713170515094773,1.1746222462569247,0.2821776344148654,0.9975812230328533,False
2022-10-03,1.2125576438906553,1.2105922503271112,0.16208660870240874,0.9983694731556619,False
2022-10-04,1.2089465094398517,1.210910022106784,0.16241518144933828,0.9987665451248029,False
2022-10-05,1.2668418541055895,1.2564163873180014,0.8229493487131897,0.9992195655472185,False
2022-10-06,1.309229260934553,1.3207350829400444,0.8788240798466611,0.9992611966975566,False
2022-10-07,1.1992286342003078,1.222394058297144,1.931693710122574,0.9979248243148294,False
2022-10-08,1.130162440548676,1.1448098919949967,1.296048330823091,0.9903431022660708,False
2022-10-09,1.3421959490695188,1.3614530231983422,1.434743871949055,0.993387441138859,False
2022-10-10,1.2231288808143967,1.2174418223214503,0.4649598731705089,0.9979141181302075,False
2022-10-11,1.1236787220569995,1.1571341563527198,2.9773131446751053,0.9846282609523439,False
2022-10-12,1.189825558459862,1.1085864926198654,6.827813141377999,0.9645866553735994,False
2022-10-13,1.1113039105287112,1.221220404406943,9.89076820812573,0.9806192389206683,False
2022-10-14,1.1432344609445713,1.145551720392827,0.20269328186110555,0.994351250918671,False
2022-10-15,1.1617649534228933,1.136890830014932,2.1410633308118765,0.9657970252807355,False
2022-10-16,1.134031958769012,1.2454582829415382,9.825677602020942,0.9474303147195969,False
2022-10-17,1.7022303405061256,1.7858816979584533,4.914220799721824,0.9619525976996023,False
2022-10-18,1.7617132061983949,1.8329714863098943,4.04482862822308,0.9905159964454526,False
2022-10-19,1.700814725055832,1.6872115978477893,0.7998006489270166,0.9657824887846882,False
2022-10-20,1.8413663604108284,1.852436989521919,0.6012181686984178,0.9897135480739292,False
2022-10-21,1.8458478766711197,1.7614944914857174,4.569899082774299,0.9848072815239656,False
2022-10-22,1.7923646507674609,1.747810333280359,2.485784210708714,0.9891211795055411,False
2022-10-23,1.8029876282569628,1.79906861125568,0.2173623900609645,0.9591012454473193,False
2022-10-24,1.8373915660939746,1.809337332043461,1.5268511387669452,0.9945742712255246,False
2022-10-25,1.7181882529478025,1.7331755423837503,0.87227283798704,0.968781367746587,False
2022-10-26,1.8574791131295858,1.7917926887496232,3.5363210232437248,0.9930231049832138,False
2022-10-27,1.7881693509552345,1.6920273590566295,5.376559655675024,0.9853159476870264,False
2022-10-28,1.7591535541610976,1.756987385637361,0.12313697792968577,0.9778393741155068,False
2022-10-29,1.8492738530314592,1.8850721701283006,1.9358039934517184,0.995763855014901,False
2022-10-30,1.9510923423209823,1.9641974262910717,0.6716793298722044,0.9974821809944902,False
2022-10-31,1.7734637918934864,1.72518861979761,2.7220838855883263,0.9882571546251028,False
2022-11-01,1.8972390514655655,1.869436810443789,1.4654052687930887,0.9978968646215087,False
2022-11-02,1.7487925343115003,1.8284845021649843,4.556970955097238,0.9847325461127361,False
2022-11-03,1.85877170563458,1.9390036487369573,4.3163957606610035,0.9879121473554888,False
2022-11-04,1.858600993820975,1.8166978180594393,2.2545546839179194,0.995112671334703,False
2022-11-05,1.7140650068297723,1.7240404115612726,0.5819735361116944,0.9922262053662161,False
2022-11-06,1.8970646960219666,1.9391700328019597,2.2194992542049556,0.9946780880524869,False
2022-11-07,1.7568604317124366,1.774068542208696,0.9794807934450648,0.997475757256515,False
2022-11-08,1.8182389354236344,1.9299738246963158,6.14522586090415,0.9794379034762932,False
2022-11-09,1.8337897058652526,1.8050284159486907,1.5684072074660937,0.9885616425220759,False
2022-11-10,1.7579438526121745,1.7174601097284525,2.3029030661909977,0.9622861253135828,False
2022-11-11,1.4084510138188886,1.4101688933030423,0.12196941656464279,0.999279439727594,False
2022-11-12,1.3404180669299959,1.345941325284835,0.4120549022059308,0.9994361491526897,False
2022-11-13,1.2764763889378363,1.2919965107981792,1.2158565559725938,0.9986303138783094,False
2022-11-14,1.1744781036582597,1.1564773464933793,1.5326600903679413,0.9799598651350554,False
2022-11-15,1.1800125820939114,1.1369491407471153,3.6494052690845686,0.9841290833551685,False
2022-11-16,1.2107181490194237,1.1402703467636444,5.818678964450634,0.9851566065025451,False
2022-11-17,1.1914116569647837,1.1718735917672753,1.6399088495812706,0.9921916890801905,False
2022-11-18,1.1721758173801533,1.173368156414739,0.10172015297590006,0.9991155423674123,False
2022-11-19,1.1669261921848615,1.1519147283533158,1.2864107372069036,0.9988008288139861,False
2022-11-20,1.175023782682501,1.1705987062481062,0.3765946272417193,0.9990339507685853,False
2022-11-21,1.1844843295000327,1.1837884735491875,0.05874758606041855,0.9981934793896594,False
2022-11-22,1.1947809476885691,1.2066950839248116,0.9971816389683527,0.9969777145834837,False
2022-11-23,1.1880328765087735,1.1884586919188445,0.035842056098838365,0.9995570026366964,False
2022-11-24,1.1998440374753683,1.1749240743383134,2.0769335312520982,0.9878510974552548,False
2022-11-25,1.1867378446354593,1.1742689627632652,1.0506854507554917,0.9991204897382021,False
2022-11-26,1.173884181967352,1.167358377782224,0.555915505581745,0.9927628040069884,False
2022-11-27,1.1881264776916354,1.202843881755512,1.238706849835595,0.9946750329290754,False
2022-11-28,1.172539819750776,1.1471933724281411,2.161670494740401,0.9966117260072246,False
2022-11-29,1.2652053170096027,1.2481487186600135,1.3481288862983583,0.9983190800558523,False
2022-11-30,1.2423839927094782,1.2514672264384148,0.7311132292623352,0.9990358010755919,False
2022-12-01,1.1804618473904607,1.191416396328278,0.9279883938674981,0.9979262194270639,False
2022-12-02,1.179257464398567,1.1827587084204456,0.29690242610966633,0.9957914159437952,False
2022-12-03,1.1810867633222553,1.1422851285487141,3.285248465946465,0.9890141252341867,False
2022-12-04,1.192551799371539,1.1381577610435694,4.561146807764222,0.9882125319004036,False
2022-12-05,1.210703527139038,1.2117209145909453,0.08403274865411642,0.9966602679667037,False
2022-12-06,1.2517480825781329,1.2326027869629075,1.5294847167485353,0.9915052345564086,False
2022-12-07,1.2615262572072132,1.3012419672654252,3.1482269854719642,0.9972280226219611,False
2022-12-08,1.2075277483382425,1.1834691695129163,1.992383103281463,0.9951730764646713,False
2022-12-09,1.3561472367737406,1.3490412611026357,0.5239826088507893,0.9986744323696065,False
2022-12-10,0.7852168023580465,0.7199424984848753,8.312902077126855,0.5385808123218584,True
2022-12-11,0.9488679913776996,0.6193004418064134,34.73270808648248,0.2601607734172233,True
2022-12-12,1.15262127033319,1.1607222791523897,0.7028335349787496,0.9907705412262805,False
2022-12-13,1.1807127275415348,1.2001383619394443,1.6452464638335336,0.980626436076428,False
2022-12-14,1.2299151456636428,1.235049560948061,0.41746093643295284,0.9939923456068918,False
2022-12-15,1.1747110157061886,1.1837653934344823,0.7707749061032279,0.9977848430841693,False
2022-12-16,1.1920564962016402,1.1930080662518332,0.07982591875679124,0.9989435580984194,False
2022-12-17,1.1888784711180567,1.1838046458861624,0.42677408626322266,0.9987182972547363,False
2022-12-18,1.2367537800574304,1.2869426965742272,4.05811709057127,0.9962872587969697,False
2022-12-19,1.198280343199758,1.185824601240126,1.039468103630207,0.9966172727879475,False
2022-12-20,1.2106133398172383,1.2192997149822216,0.7175185403371338,0.9942493945109815,False
2022-12-21,1.1872156058509844,1.1792477866462716,0.6711349788062746,0.9906854374208878,False
2022-12-22,1.6215815775617775,1.6230674993496628,0.0916341063839389,0.987784405560738,False
2022-12-23,1.1735733072305705,1.1758205504637442,0.19148724833191857,0.9992090789749806,False
2022-12-24,0.568121056529763,0.3301008110667569,41.89604358565727,0.037973070820260135,True
2022-12-25,1.1484545338921264,1.205725597180422,4.9867941305611145,0.9899377651346533,False
2022-12-26,1.1806072428933052,1.1822466990374938,0.13886549943322274,0.9906011959666706,False
2022-12-27,1.1857952146459978,1.2202435311671436,2.9050814251624235,0.998044829900074,False
2022-12-28,1.1770291113383418,1.2240996914191504,3.999100755230007,0.9914169803906719,False
2022-12-29,1.1831761223753303,1.1800071942979111,0.2678323216206641,0.9980213163051644,False
2022-12-30,1.1739395795379088,1.1863976936365002,1.0612227678272113,0.992998206020019,False
2022-12-31,1.1750816520968652,1.1736575403644063,0.12119257669606937,0.9970863494268899,False
2023-01-01,1.1675230653968927,1.1614161446238151,0.5230663919261839,0.9988960196830217,False
2023-01-02,1.1906491390662743,1.1840016334289556,0.5583093641281955,0.9954903889324402,False
2023-01-03,1.188496043459562,1.1837868840740584,0.3962284444629507,0.9952381204845029,False
2023-01-04,1.1961572061603774,1.2101630724611578,1.1709051476384804,0.9913104561338419,False
2023-01-05,1.1584310789232581,1.1875829627080159,2.516497037687725,0.9913889039470615,False
2023-01-06,0.16763723693257598,0.3034307029913361,81.00435711271984,0.10145671869099826,True
2023-01-08,1.196664559264833,1.2136066289444274,1.4157743327840038,0.9957739903370202,False
2023-01-09,1.2037556065290564,1.2029191276824185,0.06948909247865379,0.9899993066956189,False
2023-01-10,1.183967129009233,1.190023974660753,0.5115721123599495,0.9996693329473492,False
2023-01-11,1.1729265738939674,1.1688971718568104,0.34353403928601056,0.9996065232088144,False
2023-01-12,1.166541970548112,1.1607156110929726,0.49945562202118987,0.9992534881493008,False
2023-01-13,1.1700469518396164,1.1667796350312176,0.2792466407661411,0.9990729467852213,False
2023-01-14,1.1698301506341011,1.168975793658564,0.07303256588778638,0.999527269946119,False
2023-01-15,1.1773145045248354,1.1708286897618145,0.5508990790560743,0.9980892719145594,False
2023-01-16,1.1646853636428212,1.155192960561386,0.8150186632160896,0.9990179075977189,False
2023-01-17,1.1787553503885937,1.1853599588998134,0.5603035870880574,0.997672864397342,False
2023-01-18,1.1755031466589467,1.1774708141002526,0.1673893810406548,0.9984943248348815,False
2023-01-19,1.1736587341585367,1.1717293061461436,0.164394295908893,0.9974811398241391,False
2023-01-20,1.1762748607122286,1.168288609234851,0.6789443304553836,0.9985456402827809,False
2023-01-21,1.1720259201759886,1.177467588769537,0.4642959255313418,0.9968601277665012,False
2023-01-22,1.2230560332292606,1.2512879109782578,2.3083061594860816,0.998598114040478,False
2023-01-23,1.1757355375460727,1.1615607096792757,1.2056136277365492,0.9981619111094537,False
2023-01-24,1.193588811437236,1.2053148483661937,0.9824184691240632,0.9946221446231602,False
2023-01-25,1.1866242602330868,1.2067919703131238,1.6995868663662352,0.9918688796090904,False
2023-01-26,1.1821541209056456,1.1658034278675342,1.383127017785566,0.9990169948865456,False
2023-01-27,1.1707918716385892,1.1737767892243993,0.25494860855435714,0.9972881503881897,False
2023-01-28,1.1720187731394278,1.162535853528827,0.8091098733170758,0.999086904006701,False
2023-01-29,1.1585094719562747,1.1451310776739654,1.1547936901817835,0.9988502440369625,False
2023-01-30,1.1934475588761633,1.2175197112637022,2.017026404596025,0.998302394170381,False
2023-01-31,1.2388854160960696,1.228222132918288,0.860715853075685,0.999152111841627,False
2023-02-01,1.1810981805934375,1.1823193786337756,0.10339513347861222,0.9986704624224224,False
2023-02-02,1.270424310361409,1.2600636360145852,0.8155286593875448,0.9988252110582858,False
2023-02-03,1.2287679358381594,1.2026357616531,2.126697273170153,0.9975960681292634,False
2023-02-05,1.1405004267275296,1.009759188004603,11.463497571681415,0.790740599439232,True
2023-02-06,1.1831150590635953,1.1620913814218452,1.776976590796651,0.9978914040269413,False
2023-02-07,0.0,0.0,,1.0,False
2023-02-08,1.162265050311927,1.154398397852421,0.6768380807282012,0.998602598895607,False
2023-02-10,1.1581309983078256,1.145392119094546,1.099951493560983,0.9979233448798757,False
2023-02-11,1.1687626525841848,1.1738486606241996,0.4351617523685768,0.9973768648607326,False
2023-02-12,1.156797268418594,1.1443593924342055,1.0751992872002438,0.9984014020582781,False
2023-02-13,1.162259533957299,1.156082750886259,0.5314461091154967,0.9989074264839177,False
2023-02-14,1.1531795055490248,1.1446351645638029,0.7409376375583445,0.9985973073569616,False
2023-02-15,1.160373365268741,1.1537008196240226,0.5750343677677362,0.9991466166270144,False
2023-02-16,1.1696545356523915,1.1633146250433402,0.5420327469183193,0.9990420095478113,False
2023-02-17,1.1676600182047492,1.1672987661545449,0.03093811936455066,0.9992417407889901,False
2023-02-18,1.1562919713106317,1.1442457696018797,1.0417958446168072,0.9987537729267886,False
2023-02-19,1.1645677630232898,1.1613962098707586,0.27233736440527945,0.9925998195812806,False
2023-02-20,1.1716337910464436,1.1662269682407473,0.461477199361685,0.9948968190154867,False
2023-02-21,1.1540652185718703,1.1635325062595274,0.8203425192358452,0.998906911826099,False
2023-02-22,1.1628773299233088,1.1654821826140438,0.22400064251891028,0.9990478717359329,False
2023-02-24,1.1454201031199185,1.1441125549327964,0.11415446468597513,0.9955153282634652,False
2023-02-25,1.1503243046029663,1.1419704308234133,0.7262190102500116,0.998914357399287,False
2023-02-26,1.1631408854693608,1.1593857945784343,0.3228405894623186,0.9992412711029787,False
2023-02-27,1.1634856264750275,1.1620572979849928,0.12276288228519604,0.9992823673109756,False
2023-02-28,1.1564016256397625,1.158803375829117,0.20769169950152733,0.9952931802758106,False
2023-03-01,1.2020981652901677,1.1754051104513608,2.2205386888984746,0.9968387332421577,False
2023-03-02,1.1803130907036175,1.165162973765788,1.2835676446491,0.9989239108544745,False
2023-03-03,1.1560935063479,1.1290334426338229,2.340646631565293,0.9920943846037004,False
2023-03-04,1.1727272736723848,1.1721826081833369,0.04644434398991621,0.9994812912634757,False
2023-03-05,1.1695649300157136,1.1658098617566428,0.3210653947207824,0.999596144449303,False
2023-03-06,1.125805853868457,1.1170979206690976,0.7734844484453026,0.9977247373446662,False
2023-03-07,1.13264580692428,1.1229479972116723,0.856208503428117,0.998076812430171,False
2023-03-08,1.1465207639692692,1.1489801959039572,0.21451263788484928,0.9969077130732629,False
2023-03-09,1.1484923030351575,1.144742718618834,0.3264788459108008,0.998501460375015,False
2023-03-10,1.1362871445576948,1.1257288116341262,0.929195844038035,0.9974001117471047,False
2023-03-11,1.1516644588186578,1.1561790469321402,0.3920055081072324,0.9944331507568658,False
2023-03-12,1.1434758241464065,1.141441142872189,0.17793828529225317,0.9984153324659389,False
2023-03-13,1.1602379399807679,1.1607388829652334,0.04317588377379492,0.9995493984275484,False
2023-03-14,1.146195970491723,1.141001575063176,0.4531856298813145,0.999595105639818,False
2023-03-15,1.1370961488140356,1.1305837779246057,0.5727194570329129,0.9993382486020058,False
2023-03-16,1.1386204759349614,1.1556448477689083,1.4951752751475493,0.9813965277207087,False
2023-03-17,1.143867623882101,1.1218754772138375,1.922612915087654,0.9942837605922833,False
2023-03-18,1.096031440259219,1.1137736896975516,1.618771942722411,0.9781950574643241,False
2023-03-19,1.133598641489582,1.1310979517164825,0.2205974567694871,0.998077826229088,False
2023-03-20,1.1267232125341393,1.12188523420629,0.4293848102204418,0.9992547118647412,False
2023-03-21,1.1168955298873933,1.108853280589079,0.7200538531231429,0.9982864239097831,False
2023-03-22,1.0860317885109203,1.0949866927680643,0.8245526836210021,0.9967007831921866,False
2023-03-23,1.0925536239168745,1.0787660955172047,1.2619543881279367,0.9948849466132238,False
2023-03-24,1.1855417901874583,1.1730075557719384,1.0572579152640422,0.9771672585976636,False
2023-03-25,1.165757669331098,1.1616516247703788,0.3522211063878562,0.9882929966601512,False
2023-03-26,1.1544445361545201,1.081987737522853,6.2763343203149695,0.9691801120849142,False
2023-03-27,1.1709923566743843,1.1492650335063432,1.8554624241738518,0.9946457870748341,False
2023-03-28,0.9822371945743932,1.0868173170750528,10.647135241704481,0.9206476847462288,False
2023-03-29,1.2020843674053103,1.1773001775995309,2.061767915614437,0.9966530456611883,False
2023-03-30,1.1485078073922192,1.124501157266704,2.09024701190532,0.9902623070185845,False
2023-03-31,1.1520338510349701,1.1323420781291804,1.7093050597514057,0.9963769859946903,False
2023-04-01,1.16044758434972,1.166196051203736,0.49536635101336746,0.9974013502371673,False
2023-04-02,1.147118228851143,1.1617445987299677,1.2750533912684177,0.991724267689055,False
2023-04-03,1.1404400116967421,1.1559868922718912,1.36323527898837,0.9950903776360581,False
2023-04-04,1.1792509897020313,1.192054128497947,1.085700915896674,0.9942331315566736,False
2023-04-05,1.1562051709790222,1.1782888203724036,1.9100112979672919,0.9947889285150854,False
2023-04-06,1.1741976291371994,1.1395070276918826,2.954409086212125,0.9910039784011627,False
2023-04-07,1.1495325513815826,1.1028463591615076,4.061319722000433,0.9920019920903901,False
2023-04-08,1.1657959053430764,1.163157164085463,0.22634675979899657,0.9915434345074504,False
2023-04-09,1.1737651012438377,1.1690611310121417,0.40075908090223544,0.9976898426892636,False
2023-04-10,1.1696885604313374,1.149009391109373,1.7679209681540047,0.9880586800850383,False
2023-04-11,1.1616987769023839,1.1485457957605152,1.1322195911181476,0.9982239325338943,False
2023-04-12,1.1407756308324282,1.145006499236136,0.37087647117957,0.9982981125730159,False
2023-04-13,1.1318190280778189,1.1033700181237298,2.5135652651470557,0.9956892540444521,False
2023-04-14,1.1141429701578127,1.0971493711586222,1.5252619685589768,0.9948236142910447,False
2023-04-15,1.1410059253892304,1.142808470682198,0.15797860930061577,0.9966135254963053,False
2023-04-16,1.134054409598456,1.1254717478757756,0.7568121643933495,0.9939422367105795,False
2023-04-17,1.1459399673950752,1.140467083321593,0.4775890735291271,0.9946611305035785,False
2023-04-18,1.1384108365256576,1.1289591050596852,0.8302566316759855,0.9983701036278197,False
2023-04-19,1.1448492386798625,1.1353031129942985,0.8338325574266657,0.9941302958739832,False
2023-04-20,1.164999054992473,1.1495895712222957,1.3227035424742744,0.9983341310719385,False
2023-04-21,1.1824981357237976,1.1682303983193285,1.20657588992611,0.9974744419893574,False
2023-04-22,1.17581103453729,1.1401970256105796,3.02888881636712,0.9932848886513419,False
2023-04-23,1.1602056218617185,1.1671238221968858,0.5962908819616014,0.9889625043642846,False
2023-04-24,1.1689848524087023,1.1545047970747675,1.238686310100473,0.9951172106643443,False
2023-04-25,1.1562510871395488,1.1611577401324191,0.42435877876741057,0.9928481784446381,False
2023-04-26,1.1797365211444442,1.1787593364076772,0.08283076087354223,0.9880688437002726,False
2023-04-27,1.1660917426094561,1.1498972354406114,1.3887849966765913,0.993408714941495,False
2023-04-28,1.1282242993311709,1.1713945702028536,3.826390806976486,0.9817583949757711,False
2023-04-29,1.1621301831930648,1.1894773337385485,2.3531916596766043,0.9862988148067328,False
2023-04-30,1.165279088221758,1.10067321459168,5.5442403698042915,0.9733275843965056,False
2023-05-01,1.2575377796604972,1.2531249357862826,0.35091143547241527,0.9989731048345004,False
2023-05-02,1.182786915109392,1.1883692318461998,0.47196301087686443,0.9904318567857017,False
2023-05-03,1.1860932829804502,1.1970305021535546,0.9221213314370131,0.9953444587493269,False
2023-05-04,1.1701426603178842,1.168089212398323,0.17548697173413322,0.9945579449369969,False
2023-05-05,1.2512659018849448,1.273273532164913,1.7588292182193366,0.97259299254885,False
2023-05-06,1.287811392445838,1.2884176003859036,0.04707272692425655,0.9984602475116982,False
2023-05-07,1.3296902901975816,1.3348282190397511,0.3864004182061158,0.9985479343263773,False
2023-05-08,1.1644108593057345,1.1858585782904394,1.8419373894789002,0.9965738847767343,False
2023-05-10,1.159263839227623,1.153764184476267,0.4744092384543273,0.9930801494785596,False
2023-05-11,1.1977779636899566,1.196543926213176,0.10302723160633753,0.9993635671178822,False
2023-05-12,1.2065881180903173,1.2148908502223774,0.6881165169437407,0.9991295940590912,False
2023-05-14,1.19398502559807,1.1986647445749272,0.3919411781997164,0.999304843120783,False
2023-05-15,1.204075368505231,1.2007607143934345,0.27528626517054644,0.9993477032235656,False
2023-05-16,1.1813334721375766,1.1748261502759192,0.5508454653267907,0.9991279598432314,False
2023-05-17,1.1771904503773936,1.1755028470382247,0.14335856518610185,0.9991292025200122,False
2023-05-18,1.157942837770121,1.160595297532879,0.22906655460349584,0.9979140099652819,False
2023-05-19,1.2012213819510713,1.1994342673402296,0.14877479186550832,0.9991023082594623,False
2023-05-20,1.1874874715061499,1.1789777884521258,0.7166124492438519,0.9990143820842846,False
2023-05-21,1.1897727415509138,1.1678040929652416,1.846457547601511,0.9943625821420541,False
2023-05-22,1.181813394292966,1.2089931389126019,2.2998338613260003,0.9937338476550904,False
2023-05-23,1.170997662561354,1.1458279934158417,2.1494209553294965,0.9883592847754957,False
2023-05-24,1.1871163505991278,1.1853364157583037,0.14993769060006137,0.9990036826409049,False
2023-05-25,1.1989767232062514,1.1955785308091054,0.2834243844249709,0.9993554103890084,False
2023-05-26,1.2022888533156066,1.2039326473346421,0.1367220543135126,0.9991562549372891,False
2023-05-27,1.1885246517747314,1.181846322255548,0.5619007993827664,0.9992743735910276,False
2023-05-28,1.2102018769505618,1.1848719093755853,2.093036546828235,0.9967849461948864,False
2023-05-29,1.1633435128145821,1.1973069157194942,2.9194646749472417,0.9917050263378896,False
2023-05-30,1.17591901413129,1.170388845720697,0.47028480228108843,0.9959362782969887,False
2023-05-31,1.1895449868095773,1.1748458018309562,1.235698114961175,0.99801798659413,False
2023-06-01,1.20759991182413,1.19731680268518,0.8515327831895148,0.9993554364214592,False
2023-06-02,1.1930395393887876,1.191353486257267,0.14132416201263404,0.9995276691635427,False
2023-06-03,1.1857635394123325,1.1817830646805119,0.33568874396267484,0.999522114601916,False
2023-06-04,1.1981132647009378,1.1933190499079729,0.40014704237179305,0.9995544399261477,False
2023-06-05,1.1992828265239837,1.1944090894578252,0.4063876308714065,0.9995480988591909,False
2023-06-06,1.1880135413052948,1.1853874306889238,0.22105056256224212,0.999559217306011,False
2023-06-07,1.1951656242051676,1.1898200831440413,0.4472636221177526,0.9991296949826642,False
2023-06-08,1.1929971779114832,1.1699142391236408,1.9348695215065368,0.9955167521778191,False
2023-06-09,1.2118578869683627,1.2084600003528434,0.2803865578677399,0.9994731400014065,False
2023-06-10,1.1314456046337795,1.230012160008792,8.711559351270456,0.9928013539678248,False
2023-06-11,1.1757689348135023,1.2026268425267481,2.2842845152654037,0.9979676355543406,False
2023-06-12,1.1873152045945874,1.1916779369991484,0.36744517274590494,0.9990283394863844,False
2023-06-13,1.1962642157043082,1.2017033023438124,0.45467268585827525,0.998889428709233,False
2023-06-14,1.1875065330822026,1.1565094652710144,2.6102650341412863,0.9932002563748267,False
2023-06-15,1.208835429894684,1.1988557740306256,0.8255595110186176,0.9957516249013505,False
2023-06-16,1.193534144549338,1.1920900313586762,0.12099471114896429,0.9992968854577485,False
2023-06-17,1.2338349945402705,1.245447946611105,0.9412078699519769,0.9983589933567799,False
2023-06-18,1.2642951668292357,1.2662653230078025,0.15583039706683272,0.9989032732329605,False
2023-06-19,1.2447240335477914,1.2415095631918964,0.2582476331506882,0.9993147931570681,False
2023-06-20,1.2093830519844253,1.1853880270692767,1.984071537613842,0.9975791695875558,False
2023-06-21,1.222908640873483,1.228542008539875,0.46065319011633366,0.9993864536348938,False
2023-06-22,1.197585648114909,1.1908022918898609,0.5664192983379209,0.9974636144261593,False
2023-06-23,1.2191273513279588,1.2207314675655259,0.13157905413406978,0.9988555237403258,False
2023-06-24,1.2235162724190984,1.2283691921555613,0.39663712251801964,0.9991647130650005,False
2023-06-25,1.211623654972332,1.1994691154486639,1.0031612930127003,0.9978620148880102,False
2023-06-26,1.213840564773814,1.2120359331503128,0.14867122387176684,0.9984161219250688,False
2023-06-27,1.2031139064496046,1.2170790689575945,1.1607514827254575,0.9932731048066243,False
2023-06-28,1.2055531748682,1.1946318555836557,0.9059176743272496,0.9985604949897822,False
2023-06-29,1.2025275177550159,1.2306983772038558,2.3426374060388855,0.9910273939398216,False
2023-06-30,1.1985763712938668,1.2027206680994451,0.3457682718293939,0.9977948853133026,False
2023-07-01,0.2680054884374221,0.09044312437808745,66.25325663835969,-0.169195997567275,True
2023-07-02,1.233970396393891,1.2434165457759718,0.7655085899698927,0.9983673088369361,False
2023-07-03,1.2303664717207783,1.2402009143318509,0.7993100297440832,0.9958542917825537,False
2023-07-04,1.2944638151942838,1.345666812988926,3.955537203406281,0.9924940479314939,False
2023-07-05,1.2885701545538706,1.313920677914594,1.9673374609161485,0.9978193464071294,False
2023-07-06,1.3282696366280184,1.3372886244997595,0.6790027885179168,0.9987470806235483,False
2023-07-07,1.336936220758353,1.3333331125292462,0.26950487040159715,0.9986476374290719,False
2023-07-08,1.3031535834936838,1.2853522505301305,1.3660195689159635,0.9961695269866632,False
2023-07-09,1.204075312022543,1.2071570733313735,0.2559442318980821,0.9944186133657223,False
2023-07-10,1.252519200723844,1.2459483636997446,0.524609684250906,0.9987847368510746,False
2023-07-11,1.2735599276798952,1.288060517869397,1.1385871896831812,0.9987697228341554,False
2023-07-12,0.8179248562536614,1.0332046672461221,26.320243155160505,0.7184695954275836,True
2023-07-13,1.2774724353102407,1.3065413259771106,2.275500422818155,0.9931095184761439,False
2023-07-14,1.2048259239037382,1.2031702834675921,0.13741739809031184,0.9978621874298809,False
2023-07-15,1.2002147771745482,1.2249950721043545,2.064655043503315,0.9929774471044024,False
2023-07-16,1.2682958697410647,1.2741506257986996,0.46162383693879533,0.996586515213722,False
2023-07-17,1.1919217607500887,1.226517880144262,2.9025495240897015,0.9904388061402991,False
2023-07-18,1.1203644781713689,1.195569586873395,6.712557401389069,0.9805070312172588,False
2023-07-19,1.2484773881164408,1.26083136587479,0.9895235489196561,0.968904796386561,False
2023-07-20,1.189563785676404,1.1191486834149924,5.919405340788226,0.9698547052984643,False
2023-07-21,1.2082723758279192,1.325419053613793,9.695386580828174,0.9624220629769601,False
2023-07-22,1.2556600355658736,1.2279957657204108,2.203165591154268,0.9942174660756199,False
2023-07-23,1.2219745474389896,1.1971626350590425,2.0304770203231968,0.9886600866542091,False
2023-07-24,1.2391563820581606,1.2821878904881172,3.47264550729941,0.9916303259358633,False
2023-07-25,1.2910197302354056,1.2332460336749704,4.475043657923081,0.9880691180096222,False
2023-07-26,1.277739559218746,1.2843995640877537,0.5212333625390693,0.9955225426290298,False
2023-07-27,1.223084170780726,1.2300586787428966,0.5702394102376925,0.9969175263644039,False
2023-07-28,1.207822409402123,1.2078872806888978,0.005370929225175084,0.9949615629183394,False
2023-07-29,1.2098131280430717,1.2111775579173083,0.11278021725913986,0.9900729895681786,False
2023-07-30,1.2115070400708288,1.2123441036762612,0.06909275619095995,0.9989039492035438,False
2023-07-31,1.2071905639583813,1.2050211329674825,0.17970907457934931,0.9968040991016619,False
2023-08-01,1.1859868739168233,1.1765724932302188,0.7938014234097462,0.9964969251623167,False
2023-08-02,1.2270972630936485,1.2335043421726868,0.5221329451004805,0.9992756396569386,False
2023-08-03,1.2111843863887324,1.2117213497372799,0.04433374097138753,0.9980547094332759,False
2023-08-04,1.197928508839586,1.1872214423170055,0.8937984565499755,0.995478426789127,False
2023-08-05,1.1939567897741339,1.1946992909602774,0.06218827955105129,0.9979552103351116,False
2023-08-06,1.206306030236809,1.2132582572777906,0.5763236580701544,0.9990227313184535,False
2023-08-07,1.1880808822109552,1.1951650198159622,0.5962672837411399,0.9957942158651987,False
2023-08-08,1.210115259265404,1.2093953458663687,0.059491308247154324,0.9979015887343166,False
2023-08-09,1.1882705876740534,1.1842041718178178,0.34221295203437313,0.995668230742258,False
2023-08-10,1.2101438372848117,1.2141845983047226,0.3339074988785736,0.9984371850445314,False
2023-08-11,1.1804809974161932,1.1875634517561358,0.5999634348578661,0.9975683787588884,False
2023-08-12,1.2010700985520686,1.1942073403846094,0.571386980304686,0.996504897173292,False
2023-08-13,1.2158920623611438,1.2148004968256259,0.08977487141401438,0.998813971922167,False
2023-08-14,1.2189640745780748,1.2139646134363578,0.4101401547414344,0.998865214392319,False
2023-08-15,1.2041649119676068,1.2032912738305124,0.07255136970125427,0.9988577248516741,False
2023-08-16,1.1977182536243753,1.1956098679101643,0.17603352940734585,0.9986856800406874,False
2023-08-17,1.2142400352500506,1.211190575402588,0.2511414348839726,0.9991673661288346,False
2023-08-18,1.260564766872585,1.2572143684605745,0.2657855034551437,0.9986598039844226,False
2023-08-19,1.1764289566177049,1.1996785676250243,1.9762868702385,0.9915631981977311,False
2023-08-20,1.190878146965714,1.202414645972239,0.9687388282268247,0.9975332775266401,False
2023-08-21,1.178841466883652,1.1847478153491355,0.5010299205963107,0.9981003494671044,False
2023-08-22,1.1746112681954772,1.1679181831701315,0.5698127718141266,0.9981598411601846,False
2023-08-23,1.1867471026500163,1.1771568364852827,0.8081137205490899,0.9983266656609521,False
2023-08-24,1.1839632611158633,1.1800358081933304,0.33172084400923685,0.9973745041048199,False
2023-08-25,1.1903048991886793,1.1876829811466492,0.22027280941356092,0.9985533259867337,False
2023-08-26,1.1895867678287222,1.191826904873088,0.18831220260247652,0.9988219226475122,False
2023-08-27,1.232336550780318,1.237688503097103,0.4342930763025916,0.9988399887610573,False
2023-08-28,1.2283833087267713,1.22801259925527,0.030178647728903957,0.9983185287847607,False
2023-08-29,1.188541401762992,1.1763113682421644,1.0289951618586048,0.9964287244100647,False
2023-08-30,1.166774729505583,1.1806541456598574,1.1895540590046638,0.9962877448751325,False
2023-08-31,1.1584479729433448,1.1492413551513714,0.7947372697784214,0.9947440442423997,False
2023-09-01,1.142680860391092,1.1469645580331866,0.37488136806881,0.9895020962260517,False
2023-09-02,1.193583213750159,1.208281934855223,1.2314785375442387,0.9967856348193042,False
2023-09-03,1.1844038162186892,1.1810474968549878,0.28337627063856785,0.9947233502565377,False
2023-09-04,1.2143932513364943,1.2048160277343747,0.7886426898024582,0.9947424920479936,False
2023-09-05,1.269349227460655,1.2497559129658926,1.5435716248048643,0.9947707813783527,False
2023-09-06,1.0301759501067589,0.9891464352459044,3.9827676870735074,0.8422063198472421,True
2023-09-07,1.2293931362430088,1.216772500130087,1.0265744732795612,0.994690537342404,False
2023-09-08,1.1809110604521458,1.1951333322269002,1.204347410321403,0.9938560900680873,False
2023-09-09,1.1650004638775877,1.1690443271051918,0.3471125851868323,0.9947740145834276,False
2023-09-10,1.1535622859857666,1.1343245900838168,1.6676772581473904,0.9855437989058122,False
2023-09-11,1.1169982600450636,1.1357973453635821,1.6830004119934854,0.9826793694610743,False
2023-09-12,1.1669861018753582,1.1477945747614076,1.6445377612560845,0.9877881261758821,False
2023-09-13,1.1828214325914803,1.163774610892409,1.6102871637472,0.9938163951868146,False
2023-09-14,1.2538773773179541,1.2576102293059768,0.29770470825522205,0.9983677253539968,False
2023-09-15,1.1199711040426634,1.2077782056270088,7.840122059167026,0.9829280690658828,False
2023-09-16,1.1376589534139718,1.127529410177993,0.8903848737428235,0.9871143845606998,False
2023-09-17,1.153943550171685,1.1601299689841111,0.5361110438639459,0.9961893664832201,False
2023-09-18,1.1515750968437826,1.1582472710975096,0.5793954968298634,0.9946324048990864,False
2023-09-19,1.2167384078688437,1.2209269469469983,0.34424318744823723,0.997377739811762,False
2023-09-20,1.170184478758633,1.1770088186971877,0.5831849646300253,0.9941263683788816,False
2023-09-21,1.212121649234301,1.1967535836105256,1.2678649567461633,0.9975731073059193,False
2023-09-22,1.1496368950310842,1.1505501607348563,0.07943949152287287,0.9908692638537074,False
2023-09-23,1.1545739072512764,1.166055555584537,0.9944489704080843,0.9921586045101156,False
2023-09-24,1.1752391700390705,1.1710104696873818,0.35981615142628215,0.9970545325986672,False
2023-09-25,1.198257644969788,1.1958142872404078,0.20390921265031414,0.9972483102263768,False
2023-09-26,1.2134597833809457,1.2251682929395715,0.9648864938896863,0.9984066685590676,False
2023-09-27,1.1718715379648934,1.1812909831468879,0.8037950301577024,0.9945519053414973,False
2023-09-28,1.1123527181543817,1.0651078991591199,4.247287593601659,0.9860841316810719,False
2023-09-29,1.3018838792863672,1.3105984845476812,0.6693842208178362,0.9986728156344553,False
2023-09-30,1.177248365470561,1.2320001470118047,4.650826719929974,0.986046857464437,False
2023-10-01,1.2302365809727842,1.2287214827590873,0.12315502864488498,0.9951199192793848,False
2023-10-02,1.1687385883223531,1.1536743257925086,1.2889334433175728,0.9929475212287149,False
2023-10-03,1.1860662752696398,1.185045548239997,0.08605986452238346,0.9965187721751494,False
2023-10-04,1.1903221935253545,1.191144009459445,0.06904146949125754,0.997529352913315,False
2023-10-05,1.1763064283621232,1.1702663667989335,0.5134768813258822,0.9971604585119812,False
2023-10-06,1.1809664805380715,1.1772442951682216,0.3151812884777235,0.9972292128218718,False
2023-10-07,1.16162547943694,1.1672047597260393,0.4802994069830181,0.9978956179297873,False
2023-10-08,1.1513946179675263,1.1696136530667998,1.5823449940589631,0.9941952327087844,False
2023-10-09,1.1819570707994012,1.1739277866736895,0.6793211296820778,0.9980931650046546,False
2023-10-10,1.1656015412311322,1.170534130665402,0.42317972821654576,0.9981769388279579,False
2023-10-12,1.2546647326470661,1.249846923595171,0.3839917490731241,0.9973348088843226,False
2023-10-13,1.2198241197887354,1.2206146053943625,0.06480324440248139,0.9977959299393113,False
2023-10-14,1.2117910865342136,1.2216274594344547,0.8117218396426426,0.990629867909326,False
2023-10-15,1.1695623965118092,1.1719303134819858,0.20246179060124883,0.9971599332124985,False
2023-10-16,1.2890375293478185,1.280607972433946,0.6539419312436358,0.9991151927809918,False
2023-10-17,1.2297673392808697,1.20061428445422,2.370615472980236,0.987027371428069,False
2023-10-18,1.1987483418441378,1.2191896584259345,1.7052216773330482,0.9965648241610711,False
2023-10-19,1.2037960330165183,1.1884322070490003,1.2762814917256944,0.9944281074047654,False
2023-10-20,1.1824020573337166,1.1650281014473864,1.4693780155887037,0.9922835926498016,False
2023-10-21,1.2127980650642576,1.18491820207177,2.2988050356932686,0.9904192689364039,False
2023-10-22,1.1936660478750187,1.2382604374467117,3.7359184045722413,0.9933617477773871,False
2023-10-23,1.2072201826386548,1.2572904389138866,4.147566201700821,0.9955942075793877,False
2023-10-24,1.2096806624345207,1.2581778463506812,4.009089788916557,0.9866372892115793,False
2023-10-25,1.2221894236075435,1.226826541504017,0.3794107367404692,0.993743710207025,False
2023-10-26,1.1968595189175792,1.2085241361530612,0.9746020356700885,0.9911095827219133,False
2023-10-27,1.2030510467403148,1.2152028670808972,1.0100835183600827,0.9909618907048444,False
2023-10-28,1.217942394162251,1.1900912049214116,2.286741095008557,0.9926491792482152,False
2023-10-29,1.196981862480083,1.1617144742770587,2.9463594485844733,0.9937326480720688,False
2023-10-30,1.218327894618827,1.2324381028304843,1.1581617948649134,0.9880814072264464,False
2023-10-31,1.219284818524286,1.2301892221234079,0.8943278414898701,0.997146751994473,False
2023-11-01,1.186351505479417,1.1966127650016674,0.8649425971018387,0.9932151034282884,False
2023-11-02,1.197251329445881,1.2232005345554824,2.1673983124003935,0.9905076281544181,False
2023-11-03,1.204996412735397,1.194456704298168,0.8746672044693756,0.9819775309091249,False
2023-11-04,1.1938981922299834,1.241473617451294,3.98488125126049,0.9834007332561656,False
2023-11-05,1.2519132090152014,1.161742171406208,7.202658855235273,0.9683762664314087,False
2023-11-06,1.2207678476463513,1.1922357226809235,2.3372277555014183,0.9623356148885818,False
2023-11-07,1.2237739560862793,1.2311854489367908,0.6056259665971384,0.9888129249958868,False
2023-11-08,1.1832703681296477,1.1677145686585206,1.3146445554717598,0.9716918811090431,False
2023-11-09,1.2435750851415592,1.2001841863812048,3.4892061829475387,0.9774868630331202,False
2023-11-10,1.2073540185737308,1.282466194702036,6.22122219107172,0.991813987053956,False
2023-11-11,1.2036195197356192,1.191195004906419,1.0322626565519024,0.9946690282370347,False
2023-11-12,1.2131814673163686,1.1975675820247205,1.2870197668108925,0.9977550621889227,False
2023-11-13,1.231090290615165,1.2320597673678733,0.07874944348913346,0.9991640641986744,False
2023-11-14,1.2572865866465688,1.2638218833712327,0.5197937203875557,0.997172294486293,False
2023-11-15,1.2068263208600538,1.2375883864916217,2.5490051965095604,0.9934305150869503,False
2023-11-16,1.1772897821389476,1.205562613827349,2.4015184806101106,0.9935566441530629,False
2023-11-17,1.2165384635057817,1.2013273056479783,1.2503639066181542,0.9844455912916356,False
2023-11-18,1.1768641634978874,1.15561376342703,1.8056799357112443,0.9864210370781921,False
2023-11-19,1.210081479284921,1.196493663071359,1.122884404576756,0.9940620620226537,False
2023-11-20,1.1839984261261218,1.1733684885877027,0.8977999720150641,0.9972176550305148,False
2023-11-21,1.1619690415935506,1.1659864799629192,0.34574401086098766,0.9893909090650892,False
2023-11-22,1.2129581857020122,1.2022253796316245,0.8848455121456649,0.9749819510637113,False
2023-11-23,1.245546830890885,1.2409371659417063,0.37009166053448206,0.9868861069972141,False
2023-11-24,1.2208206822744314,1.2176681102424656,0.25823383218676205,0.9937376124318116,False
2023-11-25,1.186167164224782,1.1572401736584503,2.4386942615492844,0.9758704522221946,False
2023-11-26,1.2338325266047367,1.225934283101029,0.6401390248190514,0.9962903219410972,False
2023-11-27,1.17433120474128,1.1908389215435757,1.405712182018756,0.9920310825472877,False
2023-11-28,1.0447960346703347,0.9116914397892144,12.739768381980781,0.6372124755700552,True
2023-11-29,1.2091280469526005,1.2507349323982124,3.4410652825790438,0.9946913300594787,False
2023-11-30,1.1808542808831124,1.2064176195441496,2.1648173762743568,0.9872397662037752,False
2023-12-01,1.1914266868986922,1.1655506413429886,2.17185378170935,0.9908552727177781,False
2023-12-02,1.192431980957011,1.1948644107060622,0.20398897277973263,0.9973821766044455,False
2023-12-03,1.1657570034073,1.1902682004242755,2.102599164777369,0.9905638194259649,False
2023-12-04,1.255386473844828,1.2582551052635538,0.2285058409097069,0.9988678982138826,False
2023-12-05,1.2420735680426673,1.2373406271284895,0.3810515766498687,0.998285067729305,False
2023-12-06,1.1706382938156477,1.163263538296566,0.6299773002507905,0.9925611932601651,False
2023-12-07,1.1678769100124502,1.222731380764475,4.696939401896395,0.957920277502462,False
2023-12-08,1.2581831460579487,1.235317244946192,1.8173746154046428,0.9965491805472956,False
2023-12-09,1.2167350830759727,1.246750678179448,2.4668964938196924,0.9954844444213636,False
2023-12-10,1.1933190391619275,1.1961471431776154,0.23699479542990293,0.9932250599738369,False
2023-12-11,1.2324526832474678,1.2319196970068078,0.04324597997998639,0.9982276843848998,False
2023-12-12,1.2465253791379953,1.2192545021561754,2.1877514439921373,0.9905452113056031,False
2023-12-13,1.248093227298118,1.2788449797400234,2.46389867113349,0.9979883541340162,False
2023-12-14,1.215790026042352,1.279937817817947,5.27622290046328,0.9956800359381497,False
2023-12-15,1.2341945183894356,1.2517502492223815,1.4224444017021975,0.9965943412162576,False
2023-12-16,1.2367709708627976,1.2002736127445233,2.9510199526120053,0.983478416714326,False
2023-12-17,1.2459564507073004,1.2596342357802663,1.0977739282301038,0.9977275999692358,False
2023-12-18,1.3958047946617418,1.3684552771423073,1.9594084806151095,0.9964918690523846,False
2023-12-19,1.2065460895339686,1.201023381369328,0.4577287359800462,0.8111842805743262,True
2023-12-20,1.2502757157027076,1.2447679519972528,0.44052392894468156,0.9985162043102694,False
2023-12-21,1.268053276774186,1.2816577450902318,1.0728625180997475,0.9970921644721941,False
2023-12-22,1.1908931346533218,1.1989193837419223,0.6739688772273428,0.9972996640675792,False
2023-12-23,1.2115226456850847,1.2113636501295755,0.01312361399727175,0.9989021116658934,False
2023-12-24,1.227077572672718,1.2141826362428747,1.0508656271629782,0.9954807722849174,False
2023-12-25,1.2046786095726976,1.2081777907675617,0.29046595225139016,0.9954880279722349,False
2023-12-26,1.192401016559087,1.1791802286063089,1.1087534956091691,0.9888364249916946,False
2023-12-27,1.2057760821161498,1.2012406446605615,0.37614259586478405,0.9982169664537907,False
2023-12-28,1.2264663748681668,1.2333008128640532,0.557246259329457,0.99756822816946,False
2023-12-29,0.8715559100657412,0.0,100.0,0.0,True
